epoch,train_loss,val_loss,seconds
1,0.5127455559795667,0.6113017758556233,309.645396232605
2,0.47690368865187655,0.6202397368326309,310.44423484802246
3,0.44551971279436986,0.6573526193951346,310.96839904785156
4,0.4105279232047485,0.6590451747653591,304.961562871933
