dataset,model,split,frames,iou,dice,precision,recall,failure,boundary_f1,component_count,pred_gt_area_ratio,bbox_iou
MoCH,ZoomNeXt_Baseline,All,80,0.32279132820923995,0.3791714019229109,0.5457932564490211,0.35156862539725153,0.5875,0.19198176792922447,1.6875,0.47753605937922894,0.3635236430583449
MoCH,ZoomNeXt-CamLock,All,80,0.3369751685496393,0.39985731971039085,0.535685466305757,0.37133885372334907,0.5875,0.19738361700424195,1.975,0.601130925321985,0.39238572264172705
