dataset,model,split,frames,iou,dice,precision,recall,failure,boundary_f1,component_count,pred_gt_area_ratio,bbox_iou
MoCH,ZoomNeXt_Baseline,All,3742,0.38889931727236066,0.45332386307921413,0.5878544097704745,0.4204086983885844,0.4925173703901657,0.22886091335535877,1.6282736504543025,0.5180659060844522,0.41776761679846
MoCH,ZoomNeXt-CamLock,All,3742,0.4632988055197571,0.5472483890716403,0.5978437600867497,0.5663421571214154,0.3709246392303581,0.25103724232402996,2.300106894708712,2.097728655976783,0.472614329292482
